Feature1,Feature2,Feature3,Feature4,Feature5,Feature6,Feature7,Feature8,Feature9,Feature10,Feature11,Feature12,Feature13,Feature14,Feature15,Feature16,Feature17,Feature18,Feature19,Feature20,Classification
101846.10171341673,26025.87100117026,30920.503431603018,94708.37851163886,42373.78932464201,6896.21992604229,58322.233874522804,13325.954492235198,34343.23149530348,38073.62603608301,59242.72210321217,194479.093505833,180049.02056447323,17513.18792515279,50069.80571058057,55902.898749330474,199811.66103993676,3808.7086896900255,9537.89164143493,21286.380777434657,0
46148.07144449054,42440.6673066431,220608.16134932364,39898.05703226377,34006.59273705598,22650.46213125083,82084.71895731021,131874.00777391982,3084.675635775795,82612.18415755653,255618.03497394518,87690.09906157538,5785.852376444002,35831.80307924689,63573.21565237486,41540.95480204238,12675.392496369028,17829.84449457929,83613.69529258247,19260.226307377958,0
12098.201325980785,29869.006666605863,303892.70255135046,126058.28485086114,77037.97267981661,138478.81138758644,202395.7617078776,69585.53003091132,15428.528959047686,1935.3273826041286,45135.96629770429,15434.254328689716,292475.2063846951,269125.7120034835,8768.439079849093,51694.45374368665,21260.367617231535,9187.89610208188,83464.05890055955,477260.4331434894,0
82537.6864596356,50575.29689692631,11755.256495435875,6844.080072099033,57056.157172064464,69326.4545797134,6232.4128455138525,340629.4473488704,125203.36624651063,38657.77696923877,228999.1883105913,38265.98738184896,254384.58881466344,48411.50199742312,68747.1761217156,45176.466940008744,24548.468582050282,1249188.277892299,11912.205042639369,30608.820281111377,0
26349.39951962101,86740.24626205607,13533.091717468851,3379.441667348742,129152.85186839187,83992.28896823408,11421.559843269726,4291.103515906647,65272.87333618874,10384.665431648842,17610.205783581227,2584.4993020771326,32395.371443940447,3809.642045097986,54434.99510011629,24422.887560837447,3856.025491995793,8755.707897436208,5130.902578869617,1550.2216773451348,1
50540.137327453755,29996.070623982858,196101.0149574465,133589.05205620837,67561.69312367888,79759.90562879991,85691.27189569961,62574.46879659896,59272.50334956749,68780.45966537154,189538.20271407676,171142.07027033725,36268.88427727394,21294.485226023124,27198.880074313467,2293.7774662166885,86387.7108396053,73756.65632332327,61102.90498333067,232589.02538415947,0
612.5981298738722,26618.57733824723,13053.668498400717,22141.324672156967,1561.606141698373,18129.27339925949,8894.727094676737,3698.566093905603,3870.2035898538093,11141.29849765369,76822.10769194592,9794.717622628503,9039.493594159343,39403.07045946525,22309.81060574649,3020.359544007496,158633.3113581712,1075.0415149171483,2071.4169525039333,336.2389849123524,1
28688.511511049797,14237.074596133254,990771.6059321507,221978.49133375642,69215.93250900488,77173.16788938994,28289.750764365035,14538.092236007731,27205.574573412687,26520.769865199814,41311.88200051496,267887.9522965464,86124.21801082834,9776.289885947528,25055.8528103943,89995.93897336996,113789.25385311554,9500.529397219707,20305.712209705256,164190.18850789737,0
18811.907974165137,35586.21601733679,59085.280275581434,104668.51054252221,52217.27849594246,12823.939775911198,270428.3366830029,63716.564887287255,52770.22518149804,64028.156891909464,139039.45577973005,158548.3282837859,8268.80403056934,23423.37713234981,188245.46294533508,27869.760328032524,30035.10550531937,134507.47137328127,18365.76479148375,123766.59277833844,0
38851.35245065124,105045.5842376513,12475.812333263058,36345.72029198742,51550.77810793605,90526.7257081438,107766.2498555816,20578.593687606284,142141.53667811438,127981.20152199306,247199.12939101126,165308.15637606476,79970.93155477117,32492.96420463983,43335.27960162192,100523.06470552934,11852.155348438791,65105.76953212459,37467.48817888108,9060.216914673012,0
9333.747414074118,13557.017851807592,52142.23366484106,31809.772502022126,868.9860237820947,84800.66746264008,4614.0877657095025,3254.7731799055077,2091.891177510226,1323.214532335422,1119.3078862870725,4475.028581171198,30107.901095961268,15158.874950448013,14857.057560402935,14075.54878170788,5349.8422143043645,6140.2607909320095,5069.172821377667,28390.223180036744,1
17471.532257055125,10865.210975791093,9740.314627144475,134470.51695590152,801.3329852458402,2558.342473512386,1507.98965882247,7035.018313643057,41170.87743324447,23163.87401453087,24881.288218118738,4521.59597944123,189165.93197901247,3437.894468452808,11359.370318292184,70837.67230889636,22548.86634843931,6569.121768263848,9793.58759789617,2555.6045530950823,1
54645.33435452457,98287.55569277343,61022.87833720555,146657.1484755138,24183.762810322663,428796.4054949934,149812.96546914073,295500.10476553586,22056.282005173598,104038.65696254028,31429.20327384555,52219.3309275883,29419.18021086185,31374.318327123536,55244.27969652171,25858.5618148898,22024.347051455792,163462.96170206153,77385.58897603703,88045.23590371924,0
11425.098544558852,176796.1558478329,68436.45978111199,116691.28981824842,152109.2589720033,29181.440256210873,36964.68541454251,97530.96107444588,25112.02132143798,99810.34481720492,29920.741661807595,59082.0912468864,49957.85779026677,22117.89136261005,35069.047685526646,67534.05156336543,5104.496148781906,77888.24420544384,470387.38497789815,22798.03364213881,0
117408.6833971331,60908.194510658854,126152.58641233502,101032.54400479776,99413.6220466485,26788.65712178651,32182.990015170646,40702.56231379313,72545.10206625931,124174.62237249223,34564.13895167956,14937.588683257203,107750.50572486507,13638.457018032499,238782.03580633894,86716.30933532209,37647.80008177801,62141.19354643123,60281.33509755893,62704.50676009904,0
12918.197104863864,83306.61082795508,199436.04211347646,21347.22392329469,59329.24415465263,106031.96053682327,32409.772268385186,122980.47237640835,17588.75409352152,95853.2234934517,24802.699453740035,72475.63301003592,11147.933849409092,88984.37031236988,29294.069289821273,62527.06045858474,53815.77267724663,64931.947326113484,29334.317525020884,72096.39487296117,0
6399.377481358163,9771.760869863172,10355.227945324821,1991.3489083781535,7181.550053518704,74696.6257694298,1272.4508616207415,39592.25913322052,2258.573437091884,60979.84199454561,76869.56884320002,7982.584825132106,8814.131398450158,31714.058960023176,18502.543613342743,44561.55900754288,41258.4144699434,2422.7681269387767,50987.91012196627,629.0290255641779,1
3117.996088376746,19523.92518248821,512.1354580694995,34711.10922216413,13840.354924181343,32178.771793262647,5654.474344335006,844502.1815855484,1048235.6886387893,111181.63078242897,3031.428273525493,225734.72951636493,7900.702310556671,38308.243603293595,33905.215704629554,67413.23136328065,8510.988410700922,15848.702919344785,15764.06537680749,215.58351985679536,1
1101.839823051516,18180.47207230995,23900.39666346523,10739.81160753139,20878.800529260057,2431.3132819859757,18289.106791162925,45043.17186666501,186438.13515522066,2976.572265458357,1349.811629722351,16273.375179187351,4750.767630360536,3063.401364671082,6838.199502247112,3661.657910079789,14510.12175392837,6561.961842481654,3796.42989837901,23161.000080055037,1
5285.077093701804,797.5862072142024,32943.217377109366,25072.567240981316,2273.2896976115744,5489.587820322455,75713.20265519523,13708.315871957604,2753.8107205617275,58083.13234111475,547.2654099873374,209665.206724502,1183.1845974764788,20959.81482016679,5096.844404630341,2186.1947518257853,63437.151926873084,902.615517901609,32412.454858997837,14833.749609192953,1
7711.630171180111,132282.48706427566,65964.74465584013,74419.55527239178,79249.06011699176,114561.32594103082,126959.3849105984,24652.385882760507,226297.60448094117,123856.12489006309,108008.84672974366,51841.3882960017,85261.55015221218,529758.2798217481,33906.60086946607,38061.741002432675,70483.77068031838,28638.03758240313,63733.73502693184,116617.3776407364,0
17241.03191683708,14295.531585510827,164913.95250191173,4039.3037981823945,1662.6742124607908,16464.22603895194,6657.528575648467,93289.87132124549,1809.449758284661,664772.7127413525,45654.93295443428,2133.865749765533,2496.583805915855,2938.288190733019,1893.6990917827418,78590.20824859629,17641.63886008688,1597.1349656138243,32593.91546675908,48452.997490805086,1
41050.231774551896,60866.03406408628,76094.74445273392,25574.511647346975,32625.517735445617,116896.99119215591,187595.42506761,88157.39450621312,30556.493172685543,96927.04958020522,69325.12956584909,29026.06119542952,128808.24085792866,15167.579130117356,185163.69436011353,80783.671550196,8434.272955382954,133405.01680293953,64896.92111696242,44606.07875092709,0
5024.676877054372,403201.9550132346,66086.88108472442,15991.558573358847,8381.916272236444,5546.468942158812,82600.02689512123,8969.240313183847,3110.769985074187,5496.405434936472,13755.497879138371,24079.902637497813,20346.93752503223,751650.1826100724,2761.620911406843,1003.8702333465258,2258.6306373233774,119736.41587481396,2528.2135680361944,22263.71510505613,1
58283.5897590088,76954.8641694714,12246.496562588367,17928.205559048358,11364.680878184183,24523.544339371314,89318.14667353987,23244.505433684637,52525.23465755793,80336.32251661211,6081.44343929098,14231.993086249418,35273.664934024506,34589.86969309682,3533.289881687876,22017.29516889775,14049.164980225492,49981.336143591085,15642.222235879342,45167.36312333356,0
1161250.644292797,180241.5705641533,153748.4760217259,9184.412209489441,7324.66824103795,20098.856849465483,23692.615995895823,51323.718095676726,74746.98076295224,51349.72094639088,154991.21753377013,26065.936150176334,129122.14587489062,74698.79842239451,32963.32415200558,109050.39123425343,29982.822451808657,103812.7338176985,19524.85184916486,215171.4787026153,0
2674.247004368259,5407.124848621453,19118.153606005875,942.8287080324717,44636.86747373887,163963.46870004767,37113.97911998783,37662.672355896924,88331.15954790983,10451.489036538936,20631.953280778594,7811.95647774898,17530.673353070044,11039.78219723761,103580.52058960576,67672.51476867031,186602.6175171208,50450.19287376397,46741.38053034548,26587.029928443008,1
29245.586550797332,46669.682305612354,306491.95954844257,76901.0699886164,32629.437349947933,188603.0454302167,231525.8437960025,62774.820772768806,61093.183449561475,20281.665510973595,108570.88801550413,217180.48342184693,18632.13670833644,139992.0189433795,133068.21321319547,75384.04760703325,109206.1489879422,94035.52068592726,13794.491671279678,24410.78953715175,0
8934.73923103229,7537.611285625184,10670.830678026283,213744.0697100131,19159.535522648486,792.7515077187707,61557.01963386619,15713.70243468872,5189.126055043319,21388.14892639479,160417.0750750509,776693.2677676002,740.5248195084664,16339.040225588467,43874.58891993436,4971.141006153318,32390.284882870954,3770.7705618772857,4906.2615066712215,36733.21874920601,1
2041.30977947354,48943.829909751184,1059.1329122539967,31605.92471928722,4953.739837301717,40816.29860010945,7918.1429086151775,20785.090851463247,1861.651731334003,4903.508857050927,1365.862172093898,20609.216467297832,96070.06224985434,2973.965463536188,236771.24700027137,1108.904744892171,7076.420001979606,4946.62797453301,40989.94903635564,3516.6458702161526,1
41194.9959465067,76750.87225404593,62592.00942858835,125745.24326303719,467395.1150533885,24124.193766571378,10305.635204370072,74027.2433093468,187848.9111334545,28720.32714119124,22337.657238993404,24471.516327684112,6872.075505232785,31861.703778163468,47925.43116676964,27565.419057906787,11789.607982116313,31555.38689718142,21117.092821041206,29138.105241905792,0
135393.4799745006,34431.61956064503,64605.98476941272,60657.223200947206,88499.5135973499,148492.13493215875,174519.54156984485,58099.55276801146,11679.920453652961,6538.238236014064,30606.801293645152,278997.34032686567,227251.07437497322,82776.07515751493,76741.01085415746,116112.50431001156,95658.90134178566,74055.59671885979,19160.367060115088,44338.45657773149,0
83333.56323886474,13665.870967342049,14854.140238023188,5008.969828507048,21508.66116067294,48705.83610253267,62397.64151961084,64649.40498741036,13141.3325673811,227328.0416145114,248836.7751776739,28766.689058997814,120068.39198091738,11719.210762252615,15172.395634588442,42112.63502398752,16804.45979109393,112196.14431941805,23784.69013880628,50385.75923634221,0
4349.247697873983,656.1457375040345,4000.898791913419,1982.1594673221696,145886.2221663922,40377.44088239333,80322.16035956188,7147.216699973204,5466.2917824931465,7745.009022085312,1665.3902472698883,92770.48197896076,29739.70123648358,6104.6287715180115,172248.97548345436,2173.745649232826,6094.270999498962,15510.322013577897,1769.787161982782,192629.9114947765,1
96390.74263256666,37701.55954733677,30495.14826413623,21353.091178769166,68026.47366234838,20874.36643018112,34171.17996054953,85249.49411143409,90950.42353526253,14990.536582271718,68417.29067327052,32138.624316372334,16010.87488207241,13433.469925474743,20560.98335755912,40432.797803146976,53143.94867585715,67859.77585716613,78924.57179698937,73027.38790979215,0
234772.93449740548,44006.510230789994,18245.53603499207,93184.07790300819,39456.02755698092,17331.065515194783,37577.15533182102,62001.65856109896,59493.93449262876,21171.409991975048,16827.39425164615,140247.6307896647,4991.716580993544,52421.1557676322,23575.123270926953,3173.488160976191,14594.784500463547,20916.91610502226,47331.66566133506,33186.41367597882,0
18876.86846678543,9629.03179953334,22575.010693946362,14150.340847550004,10221.498448494678,62072.21050557571,41678.445526549614,105012.19881893163,6713.099120403843,56571.57619466856,107140.10853458705,44551.480413996665,11257.37595697033,47169.40752173545,37868.275074833764,69617.16839518967,33472.63518897509,213604.70828986596,218593.9483648112,110984.4034482565,0
5802.665809561588,39671.747327973375,5306.900433077822,75368.70560191385,2470.2666264156255,10888.223006417189,5889.671268144122,59838.60509195384,102552.60963648211,5369.543102260591,4698.697359040889,8726.465408774422,3361.27838831895,6363.091299494093,25021.298868151112,26841.067616059398,19066.852806185954,7603.724840290741,38179.4548574959,4709.378525685345,1
110951.2717797701,43315.74090281559,9376.47858118109,24963.559276064647,32244.374889344857,80583.82277018862,41398.502368473455,14572.756816036563,109053.82092525058,78099.60898461993,47042.551905018336,6151.488560124368,20424.372381772144,42963.17242473634,116900.74017004565,109925.15021708484,7159.793015147195,193942.77436129478,19679.91765059778,10548.35748575012,0
3388.0011746217083,2603.9076967478386,7681.255469721381,116815.11525737337,13346.181375290593,1175.434002985785,7365.493560439702,59091.27527005411,45285.66015683128,21936.49120578346,31794.86049694749,4185.990819445124,7450.191920246043,6092.516249758419,7519.357285513056,9299.592660673643,7680.422148752037,12332.567068615075,85498.45430209958,3630.276312474408,1
5357.312667153062,26161.781346410142,1314.051398025114,478.58866700785364,18107.760012151623,88690.14725641886,271.6188167756042,958.1783755366228,20602.1004264053,7577.623861593356,35845.7843363027,929.0482634818349,22323.155770445403,46576.749494466516,11681.238616324415,5854.738260849719,10111.170342484145,57970.20414549054,17548.38418255609,8123.823809781233,1
5002.000869820671,16306.851366050008,33698.50908295728,7318.641218252514,16833.7922283594,44058.58082721129,55377.12341160018,22221.783869325092,5060.0858498429625,16888.41023677528,60274.25865306729,9731.06302597657,140374.33893013664,6644.399250689121,19369.07223559209,105349.4311389526,42479.18136880092,108663.76250176293,9338.128807792287,10591.879646545682,1
55400.28700244538,19863.015209027766,27115.985070157432,22648.205965211528,40101.71581971634,32984.26244643172,249132.0968035266,6295.145361037495,46871.08090314166,29304.669320661273,32010.645088878155,24392.311885867985,6511.202623843762,8139.1288120730405,62472.194279449504,10204.566344354767,64934.40162310607,46083.26199786724,35260.81063086328,236934.6416256615,1
33432.677178150494,10328.088316528112,13664.47233107482,27156.50336183704,2249.977561578519,265.4008541761424,1071.5657602575568,1348.11694967183,6314.1115489519325,30942.48665886102,48942.402852233485,4692.801893351724,7195.073434265887,2828.6297840356074,9076.460274407475,121861.00241652183,1894.0804103603741,54085.25123316371,5444.1432320694985,7317.286889226291,1
412143.41922056885,6857.900683963158,51269.942860297866,1782.069239877214,7535.564598508361,1148.6568355964873,10899.32789897894,784.3192464162287,3290.344225912464,7981.271031411806,8715.950925204801,2212.4530431632024,23155.56311215291,23713.830207215746,4655.040717324465,269561.18808131607,16088.786774066639,27360.785489852668,10289.175517868991,3874.782659389507,1
52352.208122382995,18331.350136021254,27995.063859059293,163060.69187120133,141731.90521170356,125977.50856297818,13162.85016246815,235804.57934309458,25554.032797166972,1959.6445917240653,311167.22803715925,38814.68518308042,193113.66585829126,65672.88711696776,25863.95382660552,54889.752171483065,26561.41364895317,24733.2812694365,29914.729506954187,9254.253653456994,0
64610.53493419735,43754.23506051607,234845.30027885747,16383.250358853471,106828.73895782116,83373.47074832706,26920.169280903032,180176.79265808765,47581.910873497865,52702.865529912895,345578.2359587863,25518.411407460888,22917.117645048835,147512.4336117338,12061.1877747752,21183.202991617323,7358.779260196239,50478.18338156092,96345.58940676157,68071.89171600628,0
94390.00096645037,103367.09020679338,205619.62109680485,6765.13776885924,35142.662574309354,23925.71534990052,124493.49783974978,91309.76793953094,13949.665893792722,64458.395602184435,142835.58556735548,14273.805485186815,41149.17357215069,58298.87801338156,207183.44052830903,15137.33025863433,253163.32452838233,19152.965266894877,16591.935499725496,11482.904752498831,0
31050.872711472868,13930.086282856202,139365.1375516655,9382.590653683303,40985.20718788932,3596.4469373366815,14894.149244878687,24938.63180247873,53474.629257920365,58697.12745490664,24476.33590669311,59054.62691352428,33554.977766617645,14101.15881480978,19933.671086162303,12698.020517499013,174790.6498419082,527243.7404163987,61719.8752677338,11061.532530499167,0
19349.349757360837,18877.62418327987,44884.18845674374,65272.9090217348,27982.535408732765,197098.11455377666,5830.4616409434775,63211.947156890776,16749.75262177816,224201.08129083607,35033.78464891214,41609.69806972566,14420.059119555322,90529.49781569149,30013.53454595089,147010.1957011746,91284.31932721232,20118.256977993187,22584.986258402863,41258.80843093712,0
16111.76656482413,33588.30350797531,40778.12433806285,24882.448447301325,75287.08253554531,34834.556159681095,29713.726025189986,6850.581643593341,34202.84508493586,35345.47016759126,35538.037163138964,49977.36428033699,74980.48718537512,14478.964537717846,58463.700174493046,26658.245462134124,11167.925638493936,52216.71970109724,37123.81934666055,33109.03255153988,0
312725.254576629,28684.990908746004,63223.50662883988,79170.03966042047,14749.212970685001,10881.678486655714,72525.80717594504,19802.580357698458,55670.84886121593,29916.244614391522,12721.309156341698,15824.925924668776,111019.29202462986,88902.66699239808,22529.377537359254,333243.5351558999,84418.00868654327,22777.047060527726,108890.05145677393,22533.852375085015,0
72493.87510429768,4044.868469087368,446.723304275987,10017.228722978763,4426.875110301078,2262.1478809417463,12066.52354859346,394.1400889780295,30150.573419564273,17784.258226027774,8953.320386589548,501.62607829338475,41022.46243319255,81710.66784003329,1228.0295814615456,20658.652967994225,1472.986154414405,4749.173122995525,951.6068839567224,7284.426134133774,1
74311.42740782548,47914.11201120064,940600.9186523898,22033.867885613035,49249.73207764733,32924.477750663,18914.294103620876,21569.31288347612,40860.670119086564,134822.03711632855,13485.394140998658,63665.33031853504,97275.67545994441,41719.14284954614,494764.38815348747,419158.3923781521,147530.3461192832,78873.08010582264,35632.57101882596,156610.94586345227,0
77123.4511583633,84622.77419365775,36602.04932865201,48700.7122825735,66315.56975068589,107575.04820596693,41604.67436762972,131716.69584894495,65541.61595147158,111317.25049225334,24267.01618546093,12036.561921861072,12606.988621980867,14981.757699558253,363308.6152891902,139811.9632416727,327552.387535262,119706.12253952293,19470.537530731464,41330.77577092951,0
101924.911212957,156865.08883565234,18999.41909973183,47484.272332268294,151638.8612113806,13384.040546570064,34761.62908199372,110916.73431987944,104340.950303082,16529.764887930316,30224.810404341424,262829.17398574215,146349.9831450952,92715.96884766879,29341.213011180764,26656.10739112593,53738.0878432365,72262.10760193567,93936.94751779336,78126.15261915985,0
170646.43957278423,15218.635785701259,161747.82598852698,19704.563058961685,18083.300337741362,9856.847122050302,53777.285780934326,67424.33588474472,15122.119881326944,25068.358552647456,18032.752867125917,285951.48866302875,35775.42642820335,320795.69622860296,26689.67171146214,54726.35846183818,35871.25471462601,79391.41840114897,80885.9409459387,47407.20117185116,0
334922.686460697,4388.609021114669,126133.51704125598,7344.389246297244,66098.62991678933,3312.6202420045565,8326.051182898076,2260.2163178132846,347500.54224972305,254885.18158490746,23368.519239404624,232997.2033602296,10249.4946987025,12924.712838577418,5935.211557662404,7930.877614745,381805.9410578742,5763.454268575825,1648.0216682074995,5441.2791813555605,1
5648.7160016800335,10270.453044952059,2793.0332049031404,15935.42236885545,717.7655382817093,1871.6591313587264,5151.245106770479,24986.66675695414,83904.05518970083,1652.9047119700012,76148.43018777354,50060.38465372845,142482.23668463455,3478.3217425339844,37373.53456465494,4204.600875647802,10229.745894369158,7739.457992909214,3481.650870549044,3052.1352800166514,1
113141.63851179372,14263.327542024843,455495.7332545738,24407.676745145727,35894.048300228016,116239.94217488238,61303.80661709257,184390.2407472209,12033.146094164911,31041.851360451376,117045.70163521926,96529.28583257226,134216.39947406278,17358.801979080454,172374.52761251904,97548.03313609163,12757.879659842507,150035.33510474884,320203.8206829625,137082.86218046112,0
16481.252258286953,6695.65939348028,206190.68866627524,27532.13649129999,29302.088828900567,25845.05859241111,31067.17421284823,182094.6351951351,56766.32832792058,34504.35381083601,59105.7237330542,32439.050729299783,57680.601893090454,180905.45932678905,94862.05720943159,216904.71593054727,118062.04714809837,70664.9147090033,13467.583319341036,40506.99416283033,0
4629.7953328033145,103589.13352094512,414317.29364837566,4991.959142127358,51098.54344923632,1192.0771252423447,55035.09590095279,14936.26414398912,20337.898973744854,3410.0614640874783,185017.49418880258,22509.80777539439,805.4235178115958,55114.05553445191,109625.83150926795,6530.925556291513,15027.751240119134,9966.656863919945,2172.3343723899643,3407.3017373257035,1
13992.661500721228,5679.311751166745,3957.7404611625266,10866.823768232958,29620.0405835055,15339.448736288034,9208.222165204905,5384.385391240487,10550.658687869616,4083.0252290118974,23365.298735994533,100743.75193035237,3838.9610030537356,3352.7146230306807,6497.827619749414,7326.469171733179,1017.5726810276825,45175.85091242655,458.59333963901753,122200.3041163243,1
52666.598057044896,7433.735572632319,35915.81563063195,4105.293526390183,28247.563829862775,56256.73203528084,48479.55755871126,114208.22012349854,191879.23473098702,29567.296126996713,102333.00838639258,333526.19576148776,261188.05289237868,55545.56226531537,149589.8231092078,51178.198484204215,79993.46788869081,53572.01430319593,19430.786172014657,189071.48079286388,0
1272.0124584067441,4252.082597726212,10550.407001217647,11517.70297495297,6193.77602239519,3899.9091469488267,59032.983209269594,9613.704863877672,2057.211777775407,17036.90434484447,3955.4286675081316,21675.90201416479,128747.21193036807,7190.972936365924,38338.10031684495,15943.351598615613,633.224734993255,39728.3998806528,164245.32298350942,3710.5718627367187,1
23291.436996140812,3784.0738861903465,366.22001095964845,4785.552811505942,5387.761722226602,4388.646339244285,43531.20176180325,9640.877577484976,46117.35654361254,807.4897562426189,707157.7994936317,11627.32392310006,13932.718608030436,21662.910843766313,27142.60321699339,231458.00517354786,1704.3227342147848,1093.0942503175822,70922.19594362286,2279.637631991726,1
14418.857202061705,25005.78646452343,8142.915164064365,9381.993786377507,38783.17020865251,2240.7510242525123,8451.364463638847,4515.52648777389,3325.8134121246344,24217.63263881023,3614.847399114415,7713.866301564815,7081.090915917232,6063.011050697982,2098.55496994167,6767.086226403574,5815.283824505515,35149.23025432443,3268.1622963451155,81649.7947910578,1
20152.504177153678,131772.3215252737,44485.69928730064,73230.13474093996,399086.7920781124,208743.97275911242,94003.36930693037,75610.5995391596,34976.313658286934,41276.98767269306,103014.09619072538,32281.87111890086,28911.55499746903,63043.792091051735,166201.1760504478,25384.91278579418,34847.90684801161,27312.53089920746,100812.01764268472,81888.65126730419,0
513.874243312395,6934.9949131787025,4570.376795918331,27860.48041694319,5633.308492016589,41674.854286242844,10064.358728802585,2420.2890111143834,8709.823596642542,1747.1119157333308,2554.137246991679,618.3810760553662,4576.984691622232,9818.520986241838,77605.03121371647,79883.64279944566,1037.548011842266,89961.2393775198,100005.6098617032,12246.29614249605,1
23832.641908626305,57928.812491927936,88434.30130454618,30922.86586546398,113974.29250756015,13743.943152608397,101851.99799107935,61078.151218508356,129166.54527816901,38539.3031483216,36073.23733474915,5173.7588269453045,20084.78028446085,38228.02366775992,153515.61606681833,197278.19729418214,316804.32098294713,97097.5098522031,96147.92337890115,49075.13829088067,0
81408.52218990232,19848.30159669041,486304.81092216016,5112.42576098308,96572.59066587948,398776.1448344565,70925.08965437108,69879.88709725857,251139.15196636005,68344.4162974436,89867.45663832568,20009.508126454297,389230.7155159038,60824.222959593724,164345.88088291587,9459.06871595487,36142.16768825773,80933.45786291662,5330.364542376601,94718.97588286585,0
9725.109075915321,4039.212059837111,12481.134722911307,204204.9683318224,2012.9642942019602,8505.773640791833,9446.98490898409,10327.767901113944,9847.431549630064,810401.0226409397,881.6372612906601,2508.6279888873974,6463.265338078006,1425.6541921656274,69965.78786935208,14775.92961997178,6115.5635914447075,16486.0260424902,576.1379572538636,5766.07984895363,1
19979.37619110921,19799.33508943546,17882.609931403946,8558.39615995674,39637.7429609162,330426.38344288844,43971.02940165224,58105.430218189205,16165.936275695834,69818.25249301188,15661.738810814579,23838.090060197497,19416.950754329187,27069.35968965709,243893.52100143925,15050.475022459063,16655.130803591248,72114.68388513668,50723.525307416334,74833.36150739771,0
10617.947516730086,6768.060811275431,52594.13395420366,112880.61550300078,531749.5884547512,32087.51516220044,52025.70893410066,34603.37425323367,53516.48774914275,40856.3567458613,17461.396088809473,14928.226648217158,24984.673147828114,12760.418738515924,44323.177392313824,47694.379809103746,36051.1924953991,107627.70849049785,14424.049981429098,28504.554728732805,0
47036.15791812952,14385.971086105474,67560.74759360304,196.8216969628027,146806.63570188405,17560.644193296386,13217.191464645408,7372.920951920753,89954.69956606203,6417.214122724326,34232.91437255423,90230.62127971652,3375.162454339592,1768.6159292501654,24468.2477985477,105049.8009180493,111659.2680520124,255623.62165580885,6980.229207404181,108718.96478368968,1
24872.559177276744,76538.97015055135,42210.63201685885,27715.143275345377,265332.41844323906,57051.14337382772,180498.93351990372,56043.37630842938,11407.217707517997,38548.50960225857,118237.46132701397,77417.80383544788,162711.58981603722,19624.60893741423,198951.77609901433,24923.02511271382,57854.64528504401,27327.37676471294,89526.36855847099,69972.87594647834,0
25184.452658575137,20287.07435592581,142999.65246028418,733.5907317866014,68976.75116617906,2876.2717912519392,12530.620766969672,5059.245589027171,11566.260772193475,9915.973035731668,1956.4500518856084,171241.9842583518,639.962642515031,17472.33066847611,29921.409473549724,13690.996770103167,7599.887592500594,1876.6379000438612,16257.342652742745,21668.08743802076,1
71814.55839700543,322482.4761392307,69951.09151080497,36037.615210371005,74917.64097122752,38946.00264437233,259080.3369551466,32781.8941494603,28127.1444294558,63673.46254745337,538952.2376616732,19162.516934279385,32081.135467363758,33356.11196130661,103431.1102430929,65422.46724312262,52441.36448395492,77756.89979950237,20107.235448253545,29237.75077897927,0
107917.84301673606,16684.13159912394,151701.6278916437,148134.25077229878,65504.2626140453,29007.310143229468,45865.40970776052,46445.981823668764,72169.85754363086,70229.73708606797,10833.240692144991,52741.68705352909,5891.648489952915,54404.594281020574,22115.304011790784,744040.8601666673,54402.57660922271,35389.36548095028,14953.733732128805,21703.98819457431,0
3463.5149402555194,260.0265404291898,153716.7634069161,111861.10113011258,7210.817531454308,7882.822805309474,76391.7944490039,5984.859904696804,2566.462500974406,11954.89278107884,1777.1045983666443,1493.2595036679397,5513.985732184093,3245.4183322338704,4851.575438078918,25453.952803480774,30660.217898726656,4860.133503798791,38611.99575452415,6409.507743338434,1
1204.7931457071852,2774.92889302777,149462.31502521576,2589.647314657853,1438.1721087748645,4827.995230218869,22613.556357021076,17427.181621062668,20595.34072242256,21866.247306050594,4128.969683835626,174673.80298134225,6450.70839171911,28425.447285227965,2053.725460224789,838.0368569254266,100932.43594900197,9037.635245298983,111196.82902286122,18727.941837220616,1
15915.917738598278,64920.1103844164,54968.349774845374,20958.130524508648,21606.632830182345,43825.98553435729,114753.17156845766,55148.774622273115,9664.054371446498,49616.6914250027,29739.016229481727,220817.28597878973,82581.58030685678,3605.1392225335208,152551.6006272788,76467.23799744272,76528.6255783376,71393.02874049966,69489.75485449584,67930.40930098426,0
17394.69979061716,56861.35762245469,18946.055284840666,27454.811057880077,88.89227689146465,5157.332898516004,1406.2866080224233,156962.94590030468,89916.17057385456,1732.7306763067488,14307.665025325075,5046.954695062382,32491.460113908477,585.2559480172679,250891.7061073164,14526.58806662928,9555.65548076358,10710.982644161933,33655.29092218924,1816.1955573028245,1
29298.773383666678,42250.37533793096,41471.098334124115,140630.56752264602,98682.42961512593,87562.79555630086,123952.74987567822,82111.00387950201,253585.18701501147,7667.410943897119,25469.066121321488,119972.72777911204,44071.625120653254,207841.665962958,14754.817440821073,48227.28257881513,96655.69021809848,92081.87886681684,85763.87676470762,88483.65177701914,0
57455.367253149554,3696.7085009957286,18721.872717914204,25751.283753953274,34707.0717744418,10951.97222160593,34346.81871894389,28012.60342969039,19730.915504077224,3533.9955454588376,1930.5568998035292,98138.36101330428,11037.42345087402,745.3623051995539,12527.127057412836,9674.317082814949,32904.9004421818,5440.132485216274,16466.267183204298,10684.10273357034,1
26846.22005140748,30335.299542091518,135299.16797504728,33002.21789983637,135452.7084406736,12480.37565899021,44241.79090865787,173653.9925945767,32275.05685296943,28555.25746442095,390348.70777726243,53207.11178144783,81779.83734913863,75976.52360187068,80569.48400753562,86064.76623107187,9480.279445034492,69403.77956090112,71864.15481520239,80005.00207038345,0
18722.396830273574,18378.688155183743,3829.047277158737,62840.015145099416,23575.003538544224,46278.293973816726,54003.59296616365,70078.1307807841,19909.241151627873,663556.5906678683,56658.964359290076,47629.5413700704,33736.23129492545,12007.046880039139,105385.39727933935,70227.88428876016,27454.150906514285,70006.67311481241,142588.88401154408,81022.57638201208,0
132695.73162469352,168998.92988868998,13040.484142770665,94612.9438320885,30958.101861910076,37049.355644962285,29704.025253578828,13768.71375817182,26751.36209189002,38377.561308832686,37720.75005664671,7706.1185329380405,45112.69935336213,45159.34220084594,33091.25535977092,50315.41179235838,1423.8485794893597,29824.473458418615,97284.19145102272,190214.81108980605,0
16058.207224425818,29583.285603170483,68115.81509255737,21855.726497124306,50926.96961526911,41360.082193245406,59519.89245549317,116733.79895478085,211812.4693151316,30950.865078128412,21873.98414747922,65078.428891842785,10032.980147787366,15683.41457814713,144627.00436047668,42499.401305320025,12807.513247495017,128672.24116564437,20566.66696838889,12501.101764709601,0
20112.50390971105,18616.484978119002,398929.2278381979,10791.215626759442,50659.02139314886,74485.53938991265,21583.73114122105,6944.369015154526,157791.5414705098,77336.59859681307,38898.338451109295,15300.305640236611,60989.20650706181,19256.051260641223,146642.2088107224,32838.35482739139,134376.87477342357,95002.17643013188,55563.545794732156,251867.40006144193,0
63073.73141088642,38628.18123212265,47229.77713334247,92627.1219331653,38560.262578648835,82211.31627467049,229184.40000236646,139711.6043490241,15438.5814460249,22851.684598031912,115767.99893272898,74333.498955494,32855.851773220216,64970.43205511107,12891.844721943182,79106.66973184375,44671.84653905106,17385.850844690296,62833.0815542624,56933.14577280551,0
26477.747101138222,75878.01931086587,196671.36914559186,56165.52946086991,43431.189292106166,56731.43676757439,13634.829467995203,88258.4413866459,21443.9410264928,246455.6192159027,44471.707390061776,53349.09590943888,8892.864477729163,81388.32031897198,16366.95935547532,55233.90215633575,103556.0560927667,94875.26181987638,71987.40716663006,8716.868924480385,0
3218.120243305292,38392.63494244904,13924.999387349812,18325.044333217465,2132.5336759643374,4189.400632419151,66455.92367167176,14028.516149342007,1239.9270341603878,7583.526262063591,7711.2614699265805,11077.602659096328,1950.92285933413,6566.56786091207,6090.655108708544,18036.063659956264,6264.927909133188,927.1300260102471,3388.8913176646925,10928.718309461898,1
5312.001558391385,1078.9974260375795,185171.69868712546,585078.5689373981,5534.656686429928,2929.5763267521943,49393.31757195756,10085.964895072693,5452.96441110765,511.8066843474082,8612.110625196045,26579.64889145451,8341.770029128162,74656.53812965572,33708.12419047007,78353.54819444503,10022.085891965542,5254.135513919323,33605.247654768384,2084.127063272577,1
97146.04108861035,48702.702899289914,121565.04202210075,145071.8740374015,16555.325927850346,12775.15103605999,11459.512625467209,51677.47739662,70322.79168396615,15544.529642265767,8413.640850713175,111109.68047262759,8464.675164385257,34952.77440327457,102740.40378624089,42017.27192056738,72652.54149022218,30277.727348874378,56531.53106106297,35590.87517009536,0
1684.0169095487436,6377.554433543772,2655.9310258061196,160684.01435259928,1224.1187399716996,168883.97434567392,445.21968465871646,2593.555665870038,45873.72046215195,2409.3002908084322,21146.188399259197,7675.995474085443,4915.2877548996,13744.890824781321,1394.1466247269814,15146.861390858778,9481.4704959092,89829.90962092506,1737.7686893495786,6474.97790580479,1
11118.75892718739,11785.42630067265,9888.87796427067,17806.354394711598,30635.654124717832,3864.981846079349,18689.805903819313,34158.53012862316,4441.337780546097,39852.50511212192,1275.3836976486264,16144.275927779772,18880.41681340627,20155.818005527897,11950.896602023813,6199.177384797008,28561.095832250878,2958.584782884755,5063.820945596617,5125.219487069148,1
23678.858113564886,22853.94653138324,21484.10478517524,19978.776868637146,91920.23457569453,13720.358512846353,122142.05407648752,318584.5007428895,38041.07793413703,177858.39368228556,100547.85350138984,101827.67652356946,183511.99531027421,124719.87849403686,36494.148777584596,9963.822955009357,7335.494045197505,49088.06366557922,85454.71179568782,68276.23395942152,0
23542.34100351158,16313.10164389237,6056.209434025431,19057.154011058687,43948.75765433101,189800.87055677638,32843.80910786076,241238.5107920414,205560.90282285996,68196.49105533403,17804.073711066016,8835.298903929912,109695.5442625916,20104.025935975416,44973.974453505776,98241.1248720792,160728.50756009272,64126.924657580465,60830.70698049699,228718.85419174447,0
3466.346687055916,18257.818145502177,77716.1069684022,10634.040172781662,3574.446276870383,79304.7807804909,40506.628714855105,5912.707206087778,893.6544641189163,9041.288712733682,15517.752796909657,33594.86883831408,25817.7608658289,83571.65156855337,25933.099147956076,3952.0411131972187,3961.7560195200203,1438.729969991489,1202.798983226012,19253.58800739867,1
67590.52783334233,7110.951658604413,15415.830612912647,81484.97085771967,201403.13242042696,36366.272279473706,104743.43409029466,23365.459944604474,91031.92073588187,17603.689859217433,131313.76183046927,248623.34717641753,156430.54194673404,157621.57578437644,127758.55657500366,33267.90218272062,198277.42379937833,364198.66890547296,135914.1578676456,36535.26987018665,0
66622.79689261025,104288.1968976242,31115.475683957324,9535.355577007236,155833.9464711609,25023.99111000082,31555.227416549555,127489.17649785822,4048.9435817722792,55793.458640325465,98800.42469920895,54917.820742944285,5187.917461214724,98506.05021465405,10467.838582553428,178594.0233602418,22900.934663429718,80762.20034399135,13844.486984211233,145588.15004583387,0
2730.3042893653133,5310.781867675621,3152.7471734244104,9065.165911798955,3207.5693976828206,7288.204696905851,4392.151397431073,192314.9719153601,6905.352392961425,47055.26921638533,60599.245177712844,4463.7334716413725,14670.215250937268,6892.923462801348,1455.7302172647721,2017.0892520749358,33271.68995439409,4333.151514700504,4434.826259955225,4178.183967555412,1
65168.41805268101,176591.26083995195,112010.60174854867,93411.36419601354,15019.121644473656,30902.62045318557,84453.57169131403,53154.94970939382,51009.74862124078,21557.03136164284,15592.583741991713,72730.45037025776,18118.999290605298,8695.06607873754,116605.33494537282,89160.91336653774,120180.55841288879,63149.76445578902,62913.36414147178,34437.169719441255,0
1706.9629417922063,28511.88778192224,4608.3132093827835,219576.8448083217,14720.289590593959,21370.533604061544,31693.240598921984,27125.485764536956,52375.23755492324,92530.32822173114,130536.09775887766,21300.245861803964,31895.451668074595,90067.06188815227,108518.87566580769,63617.6902542908,212661.31553519756,32776.05913513352,26418.83084713018,90336.23131277367,0
86852.70997368124,77729.53386002597,11264.998013625993,3570.154075347412,2337.277946419556,7171.078773951825,24718.34179372012,45361.76959394355,1506.4148468690598,65824.26900508796,10386.697797539178,20404.971400597777,6663.328861841699,5897.3750967156975,13596.896372644818,79710.01991123016,21733.462710105072,20356.833599555375,5963.43605746626,40245.73971731539,1
39369.263392547145,32197.87843102237,56186.39529015748,40417.66157487367,54692.17033384491,16951.808598268326,32241.523376679772,5367.066269679957,36115.006948024435,72921.61686634278,254715.23705216867,34304.23351283411,17897.548707056965,44529.1519026141,316211.7983024307,59084.97778493229,327807.2456080119,1044.1204023913297,84455.51158286647,4751.83552496757,0
16474.46316969506,214633.862589382,94851.51916332694,377997.8729544164,15660.510359034752,71650.68282835864,99164.22040636445,11476.06774961945,48030.80362494931,122037.7186402224,200173.56444008354,65874.43651926919,45698.28182569276,69037.28821960701,56210.57238800892,96916.75831642654,1158302.636359197,35608.1281150832,57515.48715441377,37875.951712722286,0
32238.005966587963,89396.94142550128,257493.04880523108,30005.418262605566,12932.281406111657,20749.015751705298,101173.94815870805,47109.03839380441,4718.3767938765495,15773.359191045034,64720.33544013607,25466.025159307334,25030.302853725796,102566.78350214548,83429.5412684376,18894.165485010184,38546.88287927026,65650.25801162946,53096.67903444079,409388.6464421428,0
32842.20469636231,14335.367020654952,5638.815411919738,49208.371984036385,14745.465478487355,1231.4983933041688,1791.403977486455,2366.9102505664705,7235.922910301768,2969.5217911919003,2566.820974315494,21581.315542407712,13563.98113991499,12074.298040247411,6574.67949832864,3416.7349674951597,1185.9137842073771,43128.6480529556,10855.073669034746,357.7442441852693,1
25330.912562142075,23111.23488009132,47486.90352372974,65794.21097545206,33674.56637998036,15333.18191401596,69769.8134673756,245961.4724465082,19276.395693707913,187312.9200342202,12243.572553526159,41130.356989425265,196530.808051308,30275.757622460096,104032.96142165571,110328.99371186577,34275.22880790011,67456.53967448011,369280.6211414348,19321.191459115802,0
50182.15325524626,230473.82399798432,81750.18965296746,83217.7020069867,24255.849799828233,26434.30094830245,220533.2327481164,14603.831603315084,178458.20357452187,38101.60341075901,97999.5623198174,96710.79297266771,12173.994672479477,80741.85922980147,46535.04345515728,94673.62864203032,91560.72974921789,25473.001091514445,22111.18485848142,54971.260878110355,0
58976.55646014128,15606.147956407727,3895.1546329290354,2618.0707415708493,1337.1041391974825,7520.7961749393,11497.60928881257,5248.247475206983,9941.201110985126,1226.8711676636237,135156.73351467613,4048.235892691235,37971.56157559969,15033.337423325172,1179.774221538105,1718.2945653510758,3008.6986036245307,10688.601087305586,9025.20626941994,79032.38972031702,1
58047.23957052613,5264.607159766192,6430.990556258139,1791.187773139254,4345.030345362,1711.419249842278,9212.084150863227,118682.8927694134,15423.7334772136,13295.654705239995,31188.486366840207,4865.69686089685,21146.09784983965,7125.360364834973,32874.94758860483,9596.411557394014,46283.96572252508,18765.611762074812,7349.229018831561,9530.433478450337,1
31732.83864129022,24381.57446110433,70896.10533243405,88737.00392608596,39126.16517172268,15910.523976138848,36122.267417661584,95791.04733245618,60071.690307326804,5641.129755140758,46533.84649930404,48968.606275119615,27200.721884405353,37533.626295606016,37193.45088913128,80698.5221945195,113605.30024234085,140128.365168736,31906.102041587335,26340.111885882692,0
130003.66099083124,4415.712439310408,744.852710347917,9707.962964152404,175322.03088066037,4622.085171854912,102551.29146485339,16712.59420636874,10598.539573353977,21460.42547833184,43912.77645465398,48853.50041836554,7324.865663972709,15837.333891262218,1361.0171843491476,86616.16414145876,8526.218154676684,4621.140067154317,100722.37659620466,11120.664969099946,1
78567.35538464619,17985.219322191602,10519.447199965962,2776.6069736294835,24376.23296814613,51698.6407889023,2301.3965957777173,1898.1936367994836,18831.140327671692,15049.975803322592,5557.444618965999,26297.237044563124,24067.718016929415,20223.62581005837,12397.340248253307,7428.942907369504,4688.75401014595,534100.2770842833,3182.447121965145,8557.194131088552,1
879.1189936927947,41677.66286616118,9826.18331839641,6670.8618692063865,9334.335031401366,3951.402882909914,14440.630256112285,89676.229613672,493.2179688417495,190453.5610199207,33090.074811333616,19314.61147143661,587.6361613878619,3680.6840684505805,10193.41508811212,5233.419618509769,200423.82698640556,3604.8070073992585,8549.149023912105,4746.317322283632,1
52470.298049619145,28133.21201290307,17350.331737366138,55862.58972193154,21728.18023176442,16305.83020369032,8939.551025783436,258317.75452920856,18545.554307275524,7680.236068393456,55574.7001135385,12995.185581381988,21617.594911085995,29716.569584522327,19605.456534875808,73043.99362033192,72525.96951009032,81211.22337857935,66017.47069507507,149713.87298493247,0
28930.678561428413,94120.77226352734,53402.72445169508,30154.46245621349,122393.28081813367,8809.239566290262,28232.927619287453,158154.27378765313,21005.357722307606,5038.564132441473,48815.3829801216,42607.11047734139,35842.3047727923,76425.94238894439,16960.709726041037,86731.25998496437,173068.82421042063,36175.90394983005,48530.69638485004,217105.8582738185,0
27992.87653224765,28666.345017140196,44219.90555363029,262983.5890331006,60733.778621619014,45291.579627890475,254688.77513509642,14044.575773620661,126203.4468621158,77279.86464727971,46222.239648212744,498283.35780651687,53465.69279045751,121692.10983142487,25723.54792316163,21905.83456442239,54647.69540221055,26267.141506053285,69842.14540285693,10446.778104657133,0
8246.433726828933,66834.8023506327,22823.148735029423,19340.69458062053,21350.012280263618,58717.92865835787,26355.89732677564,4120.02809506326,35168.02563583755,18793.086798099695,2545.1329635357847,117628.98783476267,17469.676136454345,32377.664417814103,58684.991310225945,19463.149342611112,17120.05203654302,743.1528300918661,12270.62662950919,4440.342260265067,1
38196.17081721575,61944.2630058913,198162.41936131901,363004.3373560821,44008.5804769009,54925.57148713655,69003.83992494269,78765.64843835655,4045.159539516853,127302.33100000404,16080.219100259837,22635.088130181957,10735.355361922444,25876.91948633124,53909.76461435468,17236.59879519757,47484.992314674775,13476.836177368954,73721.15237893793,69461.81351435302,0
20481.618207975673,90753.34428270871,63902.15886224186,18756.888454615226,181850.53700043884,28256.92540230772,13913.9753649212,55014.174999417715,22934.05730631444,73040.20969285762,25547.63403829154,387913.2375200265,9682.366052502895,26094.768955394185,315551.81978179136,64826.057318101884,4498.933943257439,95973.17581255554,50178.922826392365,39128.853595046865,0
8732.784520560677,77184.69674386621,50042.39667513097,53391.2527748183,239659.69057890563,109634.76091136181,28572.77187323348,62364.026295514195,16412.76489333465,117864.68074519401,6530.059991592307,340346.57166444854,46685.90955209592,15988.208731885567,130336.6777324226,526858.0154835222,47798.98393150387,348564.27659462,25524.323971284706,15232.562651468501,0
2548.439024323872,1855.6665663335414,13292.833374660984,24731.840753323762,5116.952305640048,8135.062329185192,248445.8988742632,52242.55063697732,6922.975106474085,17209.979858563856,1499.9956217562765,19319.815784825623,67140.45062272566,59922.53413993398,8122.943107734311,10090.960883774424,6776.2607253252,9718.598629230297,21061.719904643927,13609.290236943189,1
29779.735395022188,7259.72200661024,19804.94583765477,24765.589964451217,15975.516397505866,47356.853737082354,6994.233797410528,16759.344390774168,10879.337298222625,989.0216402533059,6660.864713480739,50530.25709292945,5477.2373631660785,966.2487892343241,3901.2581067242454,458872.0389525261,7074.20464493855,50025.61870774872,11233.91799666558,20120.689963148074,1
4589.023750867043,6621.083347833737,96289.80548852698,86724.87728026495,119402.78237887517,12849.772490923096,7125.08020629699,17880.23326036228,62731.475081951394,3811.42533588216,12291.661507168203,4302.614814119535,6269.469070265058,4256.691688404153,7835.067522656757,47401.388168492675,16472.199991803023,38900.310108801554,10512.267765242992,108267.29406736631,1
58895.11031223041,198695.4579342888,29359.976721528725,45960.88838915235,20172.835082717174,7077.0454287709645,57411.279166754684,72852.7817339169,33637.95965745059,72899.63846250258,95473.94138565383,8438.339875599653,146648.573018458,42180.830715973905,7862.1262477160835,161877.13454650354,8573.849726331191,310227.4573346707,44580.87121252212,90974.79419770624,0
43234.32748481909,191352.8608623346,13981.602112424467,173940.088942794,57459.81198054068,65096.17470300928,16289.197683125672,26987.8593122817,142111.0065711661,39023.66289192397,72324.19617532771,18635.477864601537,148844.6626407021,50198.907017554746,117394.1847373839,26032.820187934878,43243.63164185229,9083.574386188191,39831.86247397659,54534.04977907208,0
117148.83473685019,97541.17057353035,25777.792969937473,62228.953536998386,47051.03204655797,10619.834289919972,80819.52368055502,44251.09251013434,26589.138072462458,17823.47058825476,123452.2358108467,98642.33976004584,15812.014720833145,340852.224443981,29810.73574998663,128254.95255477894,39333.73825310818,126098.62201941588,69405.42068295272,18463.193867415037,0
1612.7092587298182,7225.479419009465,1670.5416902689146,29748.23957458684,1240.2991097751712,4266.333321864731,1884.4698185937916,115418.79675998396,6559.804645218524,2480.3197136705894,2604.9558959444694,235.79477676830186,3388.0561334825843,4633.99231434017,4568.043933814479,8219.220995599928,2776.5598441791685,4626.832105833593,13934.913510337748,1487.480793596944,1
149111.17607846434,39803.31149955764,46505.58426743112,89942.91169026853,88528.44980714259,6308.038895772294,17086.392486055836,24963.376489855847,84265.0264349444,212467.2156302406,37211.64485433293,18954.38320697729,24160.251644341435,38798.32064058368,67132.33171813346,210555.7251464357,44189.517333935335,73109.30033367549,11308.513585800847,24940.689758142224,0
19746.246247398987,27995.290292822945,81203.35480155233,42023.12418134523,22381.320887496273,27513.12811108706,277673.6904613952,11252.834811564964,19617.920750864174,48589.86189032913,36870.55687757844,7357.942725184136,33446.736065760306,30764.931712993694,25018.881811319057,37387.96170639729,31084.782119534797,274796.3332708219,12234.245256526472,15498.668216473488,0
118873.82704735991,8287.948025271697,67427.57673710541,19770.237515414945,56770.56447394371,298419.2449874727,75244.01826292285,66314.06499345269,61281.64704707128,32054.68398380449,43871.000294714766,28023.23797941756,67314.15694018314,64438.89244785463,82261.55866040642,20410.40085477089,8298.516332993933,23142.000461506977,59031.574935561104,20557.088538753553,0
25396.130476864564,37950.299494616585,118303.3753201978,51217.20974092034,69941.53292993428,31263.140116867253,26612.324497405443,50566.33178249886,152645.12017758307,40733.89095628663,50349.28334141868,40966.495477423465,119773.05174055051,58162.75580516431,113598.01262341342,66344.44061695346,38668.56287643414,30301.779404231052,20324.645720993052,119876.84350544705,0
3547.292369011217,14190.81446801451,1405.8500198691015,6519.313044269071,18095.339449103412,19118.152240372445,8882.42165187163,5187.538585517073,2856.1468253060402,6374.406827604468,4554.579423214219,85669.09336759528,28386.151631767032,7969.621194983632,2904.28838147942,56664.61521006991,2503.485092470052,11216.733581248256,7989.141764753175,935.791172955185,1
40314.44565378356,8036.298468054748,26393.48805238575,4253.45170785938,9719.32143650635,2413.1385419081967,1038.0084896064532,8617.103217961398,8729.95394196909,81765.62041692664,6435.008117339817,20674.202588667657,8683.304504984613,3355.5590446440374,21083.478235871415,149206.0366382627,21148.35826294234,88503.52828230345,608887.9578828567,9133.27406327768,1
1612.688217402204,927.1881325273661,5395.814012375236,7180.104101880505,2434.188567375011,23877.755455405582,2079.128417042299,7587.432236037055,62909.20471351252,561.2523222875345,2750.214383513414,2090.157792707722,30476.05104916531,7948.919379760484,5345.523771389128,97267.48875898997,36194.77908376719,114602.39665519666,7958.29807272821,182483.16554439397,1
78536.59898681806,19056.199528742534,32909.37360522365,2176.024146366431,14552.53901964429,6414.1855028033815,6288.81714379974,18319.815737497083,22816.628670452206,39683.22890870696,817.8994245542974,1112.6042341986847,48800.33481662866,20490.555381195973,19044.338845436836,6276.81855645759,27049.847062694756,13747.430008171921,44606.474171439135,28847.391999259322,1
318497.1836283911,9519.1313405378,2168.6153154556127,5048.336698544953,12280.346462902999,23077.85611858098,3459.7117566551847,32849.385002409545,19076.377028088544,4985.868348464225,2934.3316841449096,3083.0241428241093,16988.164347865895,20972.90818055005,2913.901530071395,623.6402302149743,35959.00220109911,130329.11037546601,7955.850772024709,4252.197834945316,1
17811.548183966544,1281.9262126738438,6653.617126847471,51964.935783973284,73241.88852719765,15718.140883458354,29650.987390499682,27236.928978285923,84475.35924591312,1434.0583239467792,13336.725773771248,471859.3621748411,4219.385247156349,2123.362965984586,7704.914266592564,16973.21301810061,2970.3683331689954,11360.66826690694,9407.1886365912,258469.5286296462,1
14254.22293800002,1828.3150497357594,2507.7003538084455,14042.956874892807,1936.18042775558,79137.63436650205,11810.591712630645,4619.855506707253,29577.126691841204,1882.3762134907818,1640.1645697304318,3437.7523348670115,2992.273959095219,8693.52048616066,83796.46201102684,1623.7967799975152,16486.096178274584,2995.0995736815703,2763.9168975258635,6334.324488136432,1
45787.991394924255,53027.8442194477,43987.392705370425,94896.08616648617,185757.643743361,38814.680205954435,10753.922268776492,372973.4108021667,75923.12051336064,102975.09650440699,32083.57116063099,58332.14661665088,138977.66287573797,73412.3189874097,118636.39159993273,57654.44987327263,97710.65675787035,21655.53440572605,211792.887900276,20569.11366175887,0
63742.71644587151,84533.45236461883,160187.67476479977,28411.61604246882,13160.86664387289,48358.30710311418,60800.64448019467,39110.562203958194,259207.0533836856,25605.563092370343,160385.28124295472,75795.51626568647,28653.69884518545,120756.33749744721,11858.882190292738,81349.2209487238,331874.0221910395,146755.53297710663,13131.830119901848,4259.064522070881,0
164987.10472141558,11262.31851513755,19308.591089757683,34074.30851242595,16749.65858617991,128541.02305191143,8995.138027766594,37859.65317752934,30796.04886055596,164293.7700978255,302922.1759362474,66276.95093581684,19933.643160176536,68555.98158001581,54469.17360291674,336503.94224491,32364.216116944288,32151.7925333805,174109.74365056498,25866.806419712386,0
163587.41624273898,884.4192225027971,105810.25802319325,4813.6664644925795,27110.122802920538,20876.222712149836,619.9481947684333,70768.64644023917,7659.029718367987,5110.675504534029,2923.7683201234913,112162.76633549736,17411.890911889936,5415.087540513562,26992.94025400098,121283.17630242277,16022.901256800134,158434.68125730535,5423.0668378685095,35606.58289397267,1
44774.58017824582,88679.19582167082,106107.12123109291,6255.2777986883775,90239.81132274301,15140.198004546844,41352.81124505806,215032.95785025728,48923.77617644153,23995.503845961302,52086.744966071514,85985.7462281808,25176.47367360649,43624.23148520274,353501.82436840364,22239.500131639306,78025.42674894964,24503.768513365183,23771.548598918922,107812.49850528112,0
57608.30306835075,19067.218214461995,52628.23350214298,43813.063849542734,68011.12988811983,3364.3801404679675,29450.67103857984,456053.74755246117,17201.414955503613,27647.869195272568,32185.207198054635,32502.084365061088,23338.200572468842,62474.57884224154,25303.28258539405,88767.94237655554,141820.48226075392,321174.61633042764,27767.483942695253,52583.61610399491,0
48416.80032596506,22269.47459946399,82277.22657515212,92946.63320970564,62131.48197238097,61357.46946407679,32827.03469332068,248973.04609824167,47553.656867550475,22643.965826019416,19525.95733413303,115625.5242638842,43873.4440155765,29167.575946773257,33603.375482397845,50655.08013196785,26572.745787126263,70045.18181295061,90123.66316897138,376401.0412193312,0
101715.05985534747,1758.585941423014,2971.071956534119,266436.0343749872,926.098049921577,16889.378152480356,20453.030048781682,10062.826720237035,26050.862412160335,10807.130214568979,10679.644067584586,207461.42126926794,8152.67115273179,10626.702558793284,2338.909477043594,24410.3840757141,9953.261122166341,7428.5868856435,1457.9549179893215,5858.722036561327,1
68704.57210568248,18437.30519215836,177536.13152048914,23871.469915740676,16288.03005239122,44993.0271716166,51395.38011684155,367126.27171919565,39345.67400861226,18832.312258721544,40739.08470312498,17433.984885524613,102251.30726182001,36859.620984044996,23834.063257737984,21342.699063242544,23634.694690009735,19007.00400108425,139671.00374962224,4031.031040943847,0
25791.646475563157,49376.672561488165,35398.42299511564,118396.74856262413,291423.4632571376,116057.77208231387,19496.785267231946,6649.229532783923,57316.454133660605,87296.44768088587,48935.94619259794,18473.940230828404,31338.486087642174,43704.172694766065,279679.0047028708,24332.98592585123,25387.48981095053,24689.08337061919,21656.648760560416,52899.862710592286,0
977.4793101769218,110917.64399239942,62749.293890920264,1384.8418986363786,7795.813917372346,5655.304528448442,778.6345867581233,15802.83479847566,2924.302562220661,299.67539542445274,7732.953170857109,23319.53609186195,33543.88012805073,24616.441522820074,60275.46993624835,6871.721339336145,113896.46876622965,20862.09227949125,75548.30615854735,204240.83459038264,1
30859.245300172723,34347.9572898451,118428.75760985809,87210.87161195079,37077.77580184739,116916.78955125855,22342.42945605786,22623.11604252213,13041.176186610006,19209.26965055968,79678.14819480058,60796.86584095107,60814.64822982296,35578.62707659926,16353.081059477394,128548.79515923517,342759.5054609366,165993.1716900437,357540.84361273865,100258.44551793495,0
60101.39834764292,2934.989751762593,2247.5812366029077,15512.225327679926,39958.248154008055,3715.555807462222,3013.2195318940644,13120.301917975596,42006.590261922494,5290.685123047236,10941.335434052027,2869.3321121120166,4167.192691533031,1586.9020312753203,2586.2741661323325,652.8367191059239,5361.435510871326,48100.09992843861,44305.001403015696,837.4347175793309,1
26441.61163811771,133588.65834145702,2600.7627119992367,36209.62425785562,62632.13381320121,33270.17327520647,41245.70265828999,37135.90373339644,144204.34230378826,177360.39639739695,27169.176157424525,4328.867984763465,197942.9606659207,121775.79754721327,121245.13622109627,54413.29340647086,160053.03292696268,60534.94556504138,218329.9993716535,89803.79611235939,0
369592.6050748118,35221.47114873359,191951.7253976557,37679.61036529285,169985.23980266554,32672.927864760317,40692.72996654743,14854.767043337753,298830.7589520291,81936.99034800935,58625.63840110245,5789.015854110902,75245.4461976227,16887.03210590182,1056473.0500511199,21896.744784810853,157430.47542612048,33675.205860544804,67591.51080788749,206371.14340426232,0
34401.63932733709,39239.815338000044,138435.7574873565,18574.97593858014,179080.16265716092,98631.20936407201,61189.4201722985,24527.026886924406,54188.69185906803,96361.63726779187,29603.397780201634,107553.71920705376,13574.131824446515,489789.61566071335,168227.93355853474,45769.89732312421,392295.7794381248,197055.52633133472,72665.28950401119,18999.539868635344,0
25816.648533063235,11627.156974911792,5136.827493426504,11831.422226829334,10444.730507656988,213.3481220850928,18248.217865035644,23692.658293694276,45053.424397980765,2108.646181185407,7618.414734718678,164094.43285143175,9871.60022757421,11429.452199386364,100277.78225963592,19526.322716362025,41503.18528297215,16407.193932090322,22536.065961707412,13113.474622554784,1
50720.906052022285,36127.34153724488,54370.155951023764,103955.94730774897,53863.73064648005,23116.23398944486,9188.62377392458,119613.29437063738,113759.06016770964,55122.76104443673,11207.706255418341,186171.45389206233,10386.156501298845,106873.87820193714,65511.75969135985,65663.8439278972,27724.814403238546,72798.78251195043,40985.50510859527,234646.00924469714,0
31117.736028782758,8821.97277535995,7361.323242924939,2764.405002373395,29067.3713384447,84644.55997598427,88560.55051876645,71794.39444096098,10911.856173107717,36856.51425894384,10912.42750622678,8591.994134266206,1646.973104370604,277378.7236333274,31038.684407991284,4523.786981220014,12771.926912875586,10177.282778202529,3318.68474761067,29525.2549623678,1
89967.37590966673,16152.365017813174,134876.59446732816,29688.686950479772,27411.052227183616,62653.20536716558,70081.96348402633,26076.161210009606,22496.15626551229,60649.21353760149,37548.14501453302,614488.4500133479,22656.014466448494,56390.70635615597,180182.6307417526,17820.674619079295,95402.50499198042,11704.710818836696,18679.589000371725,8113.368668772598,0
26041.060914992926,28033.257277361,283958.8516990032,36485.66366243603,40209.65258929503,39235.580925905204,179123.8763588441,44847.69102168541,253766.40809151874,52462.44626190534,15583.59971359626,38442.3686714842,132517.7995249843,12059.65486092948,19032.47362957395,18743.508253412754,59357.36798071376,12074.847553724478,57171.896087009154,23343.1371560371,0
93514.46492780904,12682.18255330675,77165.35350467241,49287.310329625376,27822.01737680075,36491.001850912,17161.473345997514,148596.25630972328,95920.11840102506,77957.9150935456,14811.871453905782,37697.411966824104,130052.50219647419,26912.947242330316,397767.3736227264,29113.551159497907,272835.6767321636,105671.54562238631,46816.89137151194,288658.84983259434,0
36975.46242757892,5519.490257376303,14593.562983620299,36029.437998999376,26898.013330804843,93047.45953712912,14699.217678159352,330.00619036328334,631.4340953877064,4431.295704823882,3993.330140759431,4910.253811376751,20209.145847046224,8203.315258503177,106416.98541311128,30778.16684277142,36181.92035537014,2540.2765668430334,638.8720334123717,4322.9073422106085,1
172458.65791548384,3952.6868909361137,39400.77648477821,48626.864217538234,827.6345557693971,622340.1071894873,15522.174246377963,142132.45005625996,463.8160464649511,1022.6758686601115,41341.24431703379,7112.412262815393,9903.153695122024,1792.6867542565424,5008.979318277184,55789.925638440945,1824.3120535091969,7331.348348392749,13367.781935628545,991.8722830809602,1
10324.033580911879,43148.83405983203,294252.30507577996,283297.5585327842,50948.547681696495,55163.72921756622,2942963.946975031,38828.200788478214,70295.4836801337,108327.7343490447,22080.912365732525,41917.20270780527,80719.49919051329,29853.032818117714,20078.57327232276,46788.62584362951,60380.84415170843,103068.75222191619,11069.841707075047,303782.5877814943,0
176914.36622937184,101986.96621551595,14408.820937296063,58241.2658943126,20052.147117270873,61216.38009975182,164743.82540948916,135933.82688434602,38508.42607760279,89789.77195872687,148671.14077044453,14550.137993720744,29073.43890109389,60000.08938841741,47704.59666669476,93461.92056688594,210481.7415514679,24745.20006948025,944318.3176200027,105505.13135961248,0
19108.332208665408,303211.89896309754,39789.89630102851,20696.946563475492,493276.8289568862,53310.45652992643,134080.72841852903,19484.647202348573,30747.117807771414,54609.825321227865,68913.09770893615,17371.322439228465,144754.4742502626,74116.3910808977,34724.9191256637,34815.259312037415,28421.62679334478,333259.62584841874,12446.318058267821,94115.7926386984,0
49677.737943472894,2908.0216159223846,4597.371226586652,1571.2162442063507,13629.04439642092,34330.799070752604,5669.843480908451,2332.4935038157505,84838.69545924322,184046.51448571534,4281.442034252835,352912.0573518754,1227.8879348803948,22397.22026263237,7620.146829373248,5261.184733680788,4845.359191043463,83725.94421813342,30113.258059207637,47527.18686241505,1
35816.920437333225,20371.26562921476,11920.234591725162,16694.418489868865,87528.24975559361,25236.941036881763,7996.835183397482,13422.410594931154,46913.98600823423,51278.652135028584,166340.7707584907,30782.254947715363,208667.20275200246,47130.034945038984,7798.321352582747,97501.24840317691,66161.860051691,299893.63241250854,60997.5444121946,207803.66513019922,0
341046.54683675576,81298.99348191397,20139.376628437873,285356.02992936823,255822.0665183043,25889.93064305192,22249.656690925764,42267.92975400391,38684.74491892366,23509.942695078385,24301.558293090784,224264.89312397662,17297.027716926386,174695.68097519374,18531.04979591117,49394.89414527674,24108.28509779779,388254.1498679894,57411.01446378278,87304.40518028983,0
40902.370325239805,21707.31241047484,26751.48272679166,111796.05438824989,329895.1061881187,49384.25939678725,36202.54577236769,23110.93932578807,7142.985795755578,109834.60156688871,137533.0979463661,81182.22084271513,31960.817049074783,39441.602661650206,121067.8346070392,171473.02423581874,128977.10639449488,21709.556479653293,161340.47240143362,113848.57110436592,0
49784.50354241865,163685.2123385583,164432.9749584364,294638.24926832365,80640.97974375664,12094.766530144063,51781.112373376374,31819.049697061087,28213.861009668854,67212.30503711857,157084.09723948827,32237.50087216195,45192.14699703382,9329.840074148622,97311.81919224845,18310.10599160947,52008.959450434595,22627.823512619765,54955.34671671284,284572.8650040089,0
77259.08590306963,8392.977729163711,16067.078666760584,114244.18563145009,358086.3686487103,382090.5535879648,48786.39489642757,14739.52752132845,26745.262726749912,66540.02388015333,25636.15574345671,53439.97249204893,44552.53122291162,39519.22100514205,70871.39400207021,33354.333794750455,139146.98103053885,158609.91460240565,53034.292434202776,75674.04769101205,0
7870.569790411431,16055.30402558177,7032.248783965713,1584.190246486585,7144.184690868181,37731.51910420345,69517.1919290798,17680.222636545328,9739.563753790932,4606.767443668251,11761.843644165881,29582.743938069212,13481.912058085489,6560.388350727398,141313.7347426022,4372.033446620483,6313.387537943226,4515.334900885354,471.35193034729895,3217.6468243187555,1
270533.6423648182,27879.161181510222,159794.60081659694,43124.16239937666,8915.578721247324,39187.944385511815,1045495.9228575428,109684.9116340155,50502.447924889435,93322.74068942969,5771.393521558422,89295.4880230079,30502.645595827493,19918.084630482008,74132.21093664483,20002.03258090698,128921.00584073858,69297.78957590232,37361.091873140664,65962.85588107927,0
34447.84696836096,31199.277510087042,69283.8909103661,28745.49629795253,46483.968300995446,18596.10459848464,14597.444249295404,36751.17717949014,28519.74130220107,36340.70315796265,61671.58908927537,237545.65654606966,20294.88108417572,94785.32828141912,14096.445595374049,201795.13307908765,49079.622559434654,11561.869194343915,23754.730968057676,35325.88136927607,0
36980.01226724882,11645.253977476987,41094.47953905986,62240.46235352695,122848.0046125642,43149.76504037195,45885.491717365876,88274.577054433,25685.289628574294,17427.1714844739,251700.5700319414,26313.76720658044,226236.45228634146,6849.888966357697,229544.19465211124,57151.490871987044,15576.481583515471,33629.296225083235,169328.1573167817,20574.556920699008,0
4007.822903413257,270154.03927805,1927.5257828503036,5060.389386060522,25819.693390272845,458.36898458065326,95474.35688883741,18336.979940840833,1032.6529131488358,2086.2241391995854,11503.056119532392,7993.643141041402,8434.033512204142,44019.76592147219,2748.6172936703747,6566.510039415001,8604.858640393875,6427.62700026367,5674.476383327709,1359.0344815868673,1
474136.17606972554,146254.49167891656,27366.09927890073,28346.37163000195,18009.940463267987,12363.327171970635,25438.184692299255,69398.134621047,454726.2145641706,42335.794794756286,11981.95928007643,6023.3366344283795,6684.642638565938,5070.747977580182,283935.8720884144,255477.0236063795,54684.07006161608,117590.18281467234,29321.882585254803,9347.253696165495,0
18491.977878159025,40504.260023736606,140571.46396173356,47913.9304551406,18706.256002491686,58120.328557994166,11703.715469643414,23721.525879856665,9835.956690269504,60050.14810282691,36901.754404512365,131102.92403674553,178079.59889436208,40458.58725627137,58347.99900785185,41430.80673688855,396289.7512214447,58114.68184774502,140169.8783284983,23217.95937786289,0
47040.33486136891,15463.578379853227,24534.86704350385,40888.722866340744,11102.90881109994,36815.0413429839,62417.63603224593,20021.91183358915,64440.46514561567,25067.881306843054,3919.679711369727,15005.567041400056,345905.0545125432,544888.1600724768,89243.74261748145,54911.79909379337,26529.277673787605,87244.04051353897,85764.44486740947,36850.75365234971,0
46723.59785810895,17464.51475848555,30150.043353535693,55044.946197333375,89016.28931971759,22727.51977863384,3471.242281816956,35839.20669307925,27707.067378811404,111775.93325364342,26289.082492570556,101049.2057805344,39322.77448242083,79109.94524526567,83919.53922505221,18793.86432858011,66989.56939967182,12094.692451540404,55936.20786363539,31306.82747654451,0
20119.16616419464,13393.883261018096,43188.692577859256,48049.337381472054,15512.951366590381,4609.840664682572,5924.012052797696,848.7504615723906,11374.709935032399,1167.1186948924,36632.14730279791,9627.767586159433,17621.595056828795,55966.3744660456,73501.09251982934,3665.971011993682,126841.1350582792,72705.31897368195,11378.563960629803,4931.5812821243,1
31839.404474748684,133048.95076136204,14527.485700441244,7991.005570074882,131743.7581052948,174863.980872095,135685.7306377594,61645.40970632203,57098.29607575681,50691.64804950334,57487.37387327199,83502.58916104825,44111.494213168975,127079.48331146082,30611.176564582303,39892.26850575784,31404.042314293165,107137.82609610171,366353.2511950154,14719.445954549194,0
59947.86031892456,195234.10089830053,28908.41886189688,55483.37299473215,155262.90301213792,381.1809985691401,92892.26039215483,7165.2377067284415,102893.48038558038,9093.903618928201,227892.55091985938,5797.6113476743685,440.3382467170159,68525.67764251483,3120.3885747802674,3557.689121313419,37444.2655960815,36522.396648087335,10960.04421552506,10366.86523346637,1
61153.871377190095,9378.35968343373,69965.82938213414,150678.9366851976,26090.536856826177,33320.93147397354,12534.839478973403,58437.80548324663,44086.012212108886,52534.41118170236,36241.56351279976,39183.90926785743,11585.983757048352,19120.654911243546,149801.2489335436,40104.69755968744,27181.64611825153,10486.442726832585,33655.40326423282,38185.844007489395,0
376980.13269506703,48527.10263571051,122720.73705193508,123502.66784556063,89293.01939838016,38363.537924754266,9492.094194154284,50598.69070045101,24618.307187568455,125432.36010321073,5642.909218781686,47512.47528442097,30278.840641502717,55338.005811006646,38657.67104000133,10507.490248761333,6397.004912838443,77289.50429254484,9736.303855200105,8960.851742947145,0
59555.86081197696,37959.40332188758,75061.19445351626,185314.6998599178,21752.415401932427,46171.1602297933,8924.654449136691,26916.064183272527,107156.18346332878,56834.33040925099,47769.444302609045,55530.15531231852,206713.25549291872,15616.717422267477,42782.257144986426,14694.452022985733,168199.89011816913,149905.75455226976,103559.59703943378,14490.057884857555,0
22183.23572556084,75377.6918804976,6746.603279286512,12453.387076154531,1217.836605522713,26162.35245795907,4481.252184459343,16330.970691138884,3391.5903766523256,21481.9825103113,7045.8658563483295,13247.448513381061,759.3039295175665,5616.38044628405,51619.32420248785,48199.0921628432,4443.063877466627,9263.457259118082,3149.2330621150654,8347.998188846728,1
28786.907926519685,112867.62891820678,71566.43187994034,48804.24116744054,149638.212012399,78219.54393382806,72899.59103161558,34834.5018649735,108249.87988577741,71563.14210981916,56635.26677189509,78277.4066316839,62110.95918374184,36745.85059329303,44696.135061528206,36921.05386713873,32564.443648769757,57016.49546207883,56409.92668950377,31064.113459226544,0
56775.062868498564,35124.526840426915,42839.5656648555,12720.101059921186,158166.74458338128,7941.852825358236,142410.61235995273,23564.229743127384,89159.2655838637,175193.84499821134,37765.986302721336,74129.65993810803,209530.4395587042,144918.182016097,53809.250000939894,91083.70339709565,32892.83220239881,7840.205946799335,97126.02768544618,96577.70079188785,0
1683.3643566023115,18079.894356142944,7794.628713085341,31624.451851170546,2668.533710115773,10742.252257663547,10304.35266655725,164013.74526443853,14329.9145867297,7299.567080773347,165006.5956097104,3775.212085727074,11132.998322562295,5672.22671855129,4986.7207517860215,4152.026100529005,10912.184441115316,2122.319742211175,18404.387804672286,61422.88183617212,1
12094.175863117109,544937.4658226412,33762.40351105539,62034.18721352197,26796.319869080406,58721.82112877382,15324.429033998782,14451.786119026488,43747.32663571303,72433.83063062176,60443.98386604604,11163.991378811193,50206.03593747406,53670.917717510354,229332.51942770794,245008.40643403854,18553.84091213547,216064.88715506365,93422.77287470127,225105.26016994021,0
5404.107263083753,74059.6866212064,87469.58361919045,2391.5977829704793,22020.33972561271,21135.701070778145,3280.220759089784,102182.60911332787,4720.472999143261,44909.87066671426,15014.741838618465,77055.78714543041,11714.150459969973,7511.843642817811,2823.8142694419957,1814.344455513512,40807.960681180506,11686.158592027059,6413.7494981566015,28272.164176797123,1
34328.89816678418,16846.709598582198,434627.6644489145,94382.69718005609,6660.821297294618,39897.51195559992,57804.50025699304,75557.22686230575,219560.41850812524,114572.06561725022,143806.1910314554,176748.3730779293,59758.8975043933,29208.07513078653,8750.742714506912,13892.544041198109,30587.665502725416,72497.80396333568,138432.79495570555,30397.24841742793,0
97314.68015605453,208065.24491159432,27740.42412168498,20914.465725309306,62933.65753509436,30699.165206255606,53473.52518692556,44448.079751744874,49113.79472065979,188088.84474619536,68513.55239691574,11324.422659655153,11703.904499163866,447872.5454682079,28988.264766731263,90379.55727953397,22800.37641433081,84040.427744371,61296.6826253761,109154.78926826753,0
93354.22805986268,231851.68991180498,11719.385486496369,64491.65380719866,36749.02995237928,19611.262083859874,40755.0108714286,144692.49139384564,31175.10316045528,55012.0880874083,19604.513409877178,12506.087177254096,88835.40209773464,42704.35676560952,52231.2325075294,43677.56883829903,72647.84032600399,111642.97462703727,221147.96979706615,73744.65055172138,0
2995.7492745748596,244184.38880940885,30911.748979771437,177344.63853161753,76989.39404765198,44247.28516134396,3638.594046871389,4748.722283607942,34478.74351782174,16624.121311428647,15517.248891631456,2588.817258025594,1541.7988586533206,59070.48504526999,12369.130608908454,143644.92343108065,41913.92625113177,30269.88636575615,1597.2148840676862,2696.1449158141563,1
66520.90237685919,53230.894927335125,10187.02023619222,67898.12178226808,4447.391979599664,13071.94384313071,23775.283353848765,30255.371764189087,68357.1109443942,33729.63161601598,29443.74847242305,29825.44838991912,75494.67741493142,389105.14066447265,89868.8507019425,110759.32301417402,8560.296704076565,17319.395267466844,85639.32527377603,154947.57925753578,0
46711.718237593006,10072.602928366621,38847.811135811375,26325.664726726714,26112.550488463687,59060.402707611196,97747.70418155096,15940.0951033344,20570.90572252008,10826.796059125536,58650.99495609088,105463.02978158188,70210.005943239,33616.09689145818,114339.02629035091,24647.328899105694,39619.50559471272,111186.56216768196,141731.07276867793,9647.445589402447,0
50282.123996342816,148999.8950309714,188363.3236956128,50173.958984124474,16410.037129432247,38179.02586251023,29465.253011452285,49053.59545495711,21939.055160045915,8818.178361468608,7345.282303432978,51334.47698534205,81661.57766554634,100028.41901328717,105481.13136029872,45374.933674656415,45626.3951797254,28044.152736996602,20883.579261119907,9113.188811627844,0
54603.155015332864,29945.58880402873,150451.95764206734,107224.26048790586,132895.19199168278,39761.315835970425,68742.27546594679,179194.4871529521,20497.555487818438,36222.292060848704,19697.29716717552,38928.79790018118,67504.97946972643,120719.27049576344,41308.631618117804,85626.32037299634,165351.37143777765,6814.59366519205,106630.22486942066,178996.8173200126,0
44913.31400122536,14375.048612162891,38715.47830590231,132742.59778495788,213097.40717611232,109028.54889122002,157123.44825120675,25004.6973106585,4860.383632346596,137685.26135979046,6723.9838800350035,41616.603083498754,70064.83284229874,60350.62671367958,153871.65577029609,23730.146821436287,172154.16903638697,55167.53758436949,595334.6696397306,104918.86358528722,0
24234.22284792273,17010.74931947432,40087.53314448326,134737.83308130258,4108.068578482772,73356.92773964716,63269.77523469878,73247.08982723142,129595.36359475912,122264.15612842752,85935.3634483719,382106.72693602124,18068.251237759603,35414.31601082938,185446.3642732395,23442.650687780515,62265.657632415176,12142.259351081166,68248.88068745258,58725.78847420745,0
50699.16053015269,14672.690890948796,29038.066223507623,350708.0708421684,118414.98582465107,16965.46811107489,63543.50430149291,145909.81039178706,82743.59413236182,60279.70195417421,267892.53209759557,65061.28962351402,26640.878441501194,31222.203374483764,15941.151274284604,6941.8868536264235,239955.716904628,18631.964128485513,35168.184394310454,340904.8982326529,0
534.2846855922842,9352.715119331331,140252.81825432606,201.62946565364953,68875.55391044273,11210.549093862346,25829.136207552994,23448.2959462772,34545.73164366781,28052.64539582875,13601.228733022443,1760.7225345968639,708.7426142635726,1927.4633323247804,94178.5170616923,8048.11466929949,14276.6085685438,8989.374484271666,9431.395234305757,5445.65466959117,1
4687.8648634437195,56708.56452258123,3340.1533559156687,94461.09702734603,28202.483787173962,213917.6721375523,14223.363056576514,47669.66163954935,63256.40525888614,90993.44134829837,8899.223964006553,10457.665222803678,10627.290418451888,770710.1595032457,75414.95827052229,157676.82408825727,29233.465685000363,53831.418049459804,17032.834116302725,21463.4599184891,0
8172.928566596566,217692.68288826806,8360.203654446506,28572.92749046306,14812.642143150566,216528.11983966272,36665.50174942128,46153.812532019634,17634.893725587466,122672.65702807436,8707.837209534646,9396.07289590747,16544.621866255737,5156.710630402603,235932.9912251451,68803.47746227874,79728.24386775542,47892.53515130408,8443.368911103858,46846.30148184835,0
216726.02671253166,37920.58693059896,35775.7477251516,17752.21086907362,64114.14378762622,36276.44913947701,25671.308421907343,24241.577323677724,38882.31495406339,46281.87716819738,31198.06242742311,26448.726442573647,38199.84507001845,87507.51491309966,22855.08742724618,165591.3660080578,157959.96871550416,19827.824884015863,64141.94496025103,131996.34673199145,0
29242.39263088768,424971.2780388363,15876.143751527297,91015.25792271823,7446.828096320587,8443.315285633875,214351.25078022614,84927.48531848834,25663.36722304803,54014.42775719868,37627.37555886657,38578.91424488541,16154.633133552426,170196.02312813624,80369.21218381138,12378.949812894649,31691.286381850154,39397.29528368687,37034.75429849403,182843.59218639205,0
20413.692551210846,4515.2014249618705,56286.225950781925,457095.96111427905,65733.1503719305,5153.795668392135,82380.78000980715,52445.84513302943,40339.791043780824,211577.55967820287,14699.844645126332,94566.98094993315,13452.355658288601,36397.987629054776,39261.34332551073,19536.125324786644,22025.09889236542,27787.02213715494,71621.66378279174,33849.98924672329,0
115380.11040101835,13220.407187179271,120812.67048112361,62365.514391086595,27645.665418755863,14368.633924560549,75319.41630999475,74128.53254308025,152388.0620300305,24016.663269016928,39878.33806210963,24785.771788013782,32731.874405926214,31578.819181221363,17355.786666162956,28419.697548472475,50837.301837546154,265262.6916461983,318071.93570076034,114787.4711259105,0
1210.9395332104143,7465.169464460557,22206.80569000764,10612.145407733344,16022.630313238833,12292.943190712605,21159.929745957084,199216.85637471805,8075.538367497047,63524.56042649335,5815.701206199901,5570.966535856502,8803.29820336115,871.474067055991,577.1293242065561,6744.525187908784,16704.091004819304,714.6268675516396,2137.5342131237567,25969.929980861336,1
522852.92993039684,54351.982556411866,21041.478152433752,78652.80400388826,128767.167743894,537015.2840494731,4913.862117145332,5952.192934466364,72045.13949263401,139625.38685525316,91201.2145047373,201191.41783335575,60140.17470352894,16140.483985413302,61379.70113979389,9329.907899344022,34734.60208372189,4721.283364078606,160482.41353772813,7385.196584883674,0
2836.9512489752474,22474.734683474813,4736.044664297106,18473.434562612572,29511.758433931216,58128.6327476631,1428.1278254134659,1215.252290858421,26787.55806165986,18551.59228271604,24607.08177250954,30628.703744327584,39827.2978479046,99715.40054759536,22692.05301114067,21437.946078532328,7600.723952357402,8152.650418149476,710.1870137031261,11983.390285291218,1
30050.475771566456,26347.416444552415,101016.43859325834,53648.50760185867,10947.925469885313,52311.5680260323,77378.53804846556,86383.54974409241,51930.82739355523,37621.624139562795,91784.80623628653,52854.19091560561,15527.562834292357,196524.51239703732,32192.589372326147,16726.074156235827,47515.963130460215,22972.35972769475,290429.52141230664,55310.40807952162,0
9708.407573474859,51485.60080565568,3578.843176067981,9128.085565121548,2216.201713585535,34172.053447043094,2663.6674975806063,2545.019988266806,633.0775350034685,13594.609331282707,16350.91881394366,2055.489831868836,6399.214998382152,17945.46290028952,6505.006855660088,1220.2447919835088,2463.0752553699126,639.4848547406606,3369.2732555506213,36109.91558667204,1
16664.60229705943,191663.3309223201,50138.45692842968,3195.3799379301868,7570.158399623578,19673.30104810921,1563.7349785110985,13581.006415845344,358.7326303321133,753.3371076531407,1715.7231364428708,16157.233690482877,50516.268788082016,6479.027127793859,1365.4211191555928,7076.105219597815,1841.2130711256004,3293.9087576131383,6105.9579336950155,2886.039865481873,1
45214.38070955007,14930.5651043505,404724.74670242914,83503.35188063241,90301.63237490994,69009.48034913893,88358.94385501243,93838.52905027565,20019.52652478929,66160.928929472,50740.632222752436,10474.937071960292,216210.94470498076,12403.322643007898,33979.738490892574,20156.90667452676,16647.821144527166,33666.53800411601,92246.5992428502,50279.60391758077,0
23177.644194497752,27594.698550085486,9540.353590219222,26100.121487063625,75014.18374878913,11874.05394847445,31560.165595253042,27291.170717910663,5580.728375538123,69529.85937714433,120012.34173241489,18132.7001094959,435026.73288640566,54063.840229758454,10471.400907976828,11723.974254317174,10281.8939559482,65268.42100818566,292010.92190470034,16864.102234185615,0
1409.7260699465348,9095.708077275918,8260.765082631207,9397.800096335586,922.7590327216639,4557.823563652265,10622.022967676938,29176.027288748588,92700.99386843825,202996.6861786091,62771.70162193929,107084.36995207082,4927.222072129081,4810.053763629335,3335.7192624679237,24345.44092920287,3014.22837188055,7928.273683561428,626.8177715988962,12935.818823725878,1
7474.534126099159,849.0559718787493,5384.919169638295,2539.5252736712823,25523.09761688137,4625.942551555262,14463.90375935336,15220.549632376456,336.38545098004477,15718.839342075864,7260.384184310539,27531.014103454167,41648.621984297395,2291.684230440643,2345.2001350394175,5230.3196449832785,11205.99633109248,20001.216925091067,26529.115092606935,3030.800095981274,1
42579.07217556101,97.08673872469207,33192.341818415756,21271.12116058899,3191.563226531403,1948.328500513456,21726.274170330573,28786.777269182254,5748.739916081814,21936.63592910199,27007.897024534683,13553.79041860748,16488.87903133406,153927.59927823686,68176.90370768469,3658.000412243741,2177.0014943073793,21653.23176454021,686.6516962834828,1286.672726832078,1
655.8845838243085,7940.961677156795,27963.365990030416,6943.167471600242,3066.4119396133433,966.4992192559212,25439.472319030483,209199.99631614846,625.9497811579738,1078.313430485107,3922.2682199872406,31046.876172367276,8719.303503710109,23960.504486798145,10849.269878709674,704.7689505956545,1011.9082077720443,25430.066290704824,19274.16614825534,15942.090041786121,1
9881.846653949015,28472.04720667319,72023.39896416216,47401.867924518476,52792.420408778366,47319.36275565627,2558.82299627362,31554.75719937754,20834.50827210711,37988.0500086474,50430.027719256075,24970.7083797756,16632.864804529603,53755.77961362606,59289.60065174338,76349.04020803006,64735.47074599609,42520.84806700372,36027.36363721759,224878.27792164884,0
103162.87271172558,13895.771218800906,12714.524389149037,8901.933965442171,64906.67852349092,69257.84261446162,19028.69077869224,87036.80214867725,21905.886827615825,46705.74387586744,72209.55255908203,2723.367396524879,16901.681128099597,127393.38669910363,16999.778334132297,85986.01582023503,130236.45166797483,85189.58829077438,14141.544373974484,316550.45877112617,0
89580.05487810815,42054.035835451905,52054.48450931484,322300.23121168866,20541.142524615207,182991.40422157047,219996.04674359862,21164.763910067122,34245.91403077896,65198.537618779475,158107.8578591644,222014.30657765773,50998.60414019707,366886.41164276435,72181.89363494358,26887.21653722379,15857.033134753026,266939.54603030946,77750.39801311315,77555.4288363802,0
34066.66989523644,19806.79919718588,8896.641511034111,1576.9273241687615,55029.40778020278,2650.5531977479072,5645.899871997118,15701.615137476654,38717.07729082768,29235.735281380013,78264.6479473005,1522.046417370977,8805.47055261963,2108227.3144405824,19870.204873283445,6666.688244811386,3470.245659699504,2330.7863809360106,163.06367593509586,5830.944639225625,1
5810.36561549895,115728.78994029183,16603.656124963843,257.7289367440073,573.1892984466118,630.029927699424,4292.471771286872,67560.83318493604,2462.429284384459,90426.92595776325,37997.200443509835,8757.62252609662,46396.37085349727,24775.585761017253,995.0301069430055,90541.71465036599,14849.395053622866,106026.95587494034,4490.833864921366,430.40173531588124,1
17002.453428073615,19375.891502018472,31732.943081565627,146453.60988357125,54463.332148206304,38023.89918107892,441156.5863180557,179238.33564901154,29361.816068378408,109121.67741288763,132628.9914859094,48944.57034894172,175101.3262163725,87636.07762584652,18101.36419373154,24540.54248232191,88092.06336988881,5971.1448173554145,35381.61399316116,223160.63243577917,0
20002.18250497979,17318.973650624765,26858.957858815837,51107.73734900356,31957.55501864236,12459.636018549758,54926.79052726299,56197.3944675452,8472.490704953663,26671.158396512852,30056.6698833002,4390.457390044564,44168.09370564154,65392.20006882501,68813.16853452753,135879.3094393831,78685.9505531256,170221.81781736723,239350.55470249092,3552.0645571926993,0
70406.77167452378,5132.871364115089,8318.216840583422,5488.301756254843,10042.6159773964,25450.546035089497,4219.47390290504,3383.013955229918,2516.026407267556,17861.422494120958,7516.910622653006,2239.8598222156047,4511.397649326757,13081.653943885827,4067.557006441244,3439.919900660876,51197.711952556856,34316.62735860937,19557.285556781557,7889.129538268013,1
5548.627077165324,53285.09571501315,3327.377144979982,705.6002362307053,63452.35926163272,7749.006603613982,15592.358537431135,2850.982623086596,1439.9956526547608,1965.946061104337,19293.729007318158,66463.2260349384,1137.2847108133233,8922.802170337683,8845.419067593777,2705.452513706667,4236.647635323054,9649.416933547709,54384.76222741984,13557.7143682523,1
6257.455812406127,43929.59713230228,108295.6882726103,58546.921048389624,11823.341124527558,11438.467689247203,644305.1556116831,18499.263212884074,49023.91525752317,24506.78035901588,351364.64904954593,55794.316462663555,61711.9280293466,116749.24030969547,12455.154946440447,28351.875798476092,34723.24849699654,51603.94481823497,39879.07036536619,10016.910480571281,0
10267.137483605551,26382.57473790831,33470.00303903311,1098.8192616555955,3605.1309427150936,8428.602191041964,97972.80716820402,2539.728824789646,6456.356013706675,848.0513404882985,5345.40578955399,13336.41773262381,7795.344716471797,20993.660495411274,27530.67811662999,1136.1502245520805,3404.2159373901895,218914.9555323202,668.1481413355311,6072.094363751255,1
3971.8788928263557,11513.757936634698,2530.0218807130886,38369.11149955692,7219.5414819993775,76682.23903913175,5195.330254528829,135893.64285800967,19447.5312990979,12501.970850811185,437.77971697460777,7324.555419962384,14533.138722423115,1625.9273801224815,28904.888711895866,123717.23269685461,17096.75993958575,36086.91655628135,22008.201540062233,167988.36265937058,1
13499.807963043384,6598.017462016208,250642.8397881161,28133.669456931588,58542.29288345818,74973.3681370969,11944.39321261023,199300.08519673732,7614.431784429214,36924.228667600604,33869.07017587942,27598.40039298839,17631.69775779134,60699.54168865826,17178.484401476948,49223.010710880226,15397.097478902388,16024.365817831382,312.04678751856073,3851.042716237055,1
7246.199050955125,12082.504538234212,22703.76008290602,17435.126119596756,1143.7258700413374,6377.160937052925,4470.6484108548175,3059.7457488747286,34689.30810971121,17283.91818513706,261.00310539675763,4071.337537217228,4442.865878530199,38378.993600377136,40376.78055762259,157.64975404111433,2247.2276515499207,43261.38935840114,18574.936252809646,1054.3049254299845,1
21513.586336316475,25463.27526955072,7596.486191058753,8857.352826370887,4898.510981169085,16353.130994199048,30161.370616582844,113772.26388325689,1586.1149016750292,58986.88104305384,13736.685398709425,4457.360872384855,30528.16206915564,12494.545020914364,15085.069791324504,13279.91618585952,74777.85450312437,27996.16722766983,17991.07118967636,1870.8648846585706,1
15276.945367617915,68622.55974699391,7275.138227238757,1799.084510799781,59231.276001692335,17270.40493816179,230841.93736611263,32615.998178990227,106309.81692496545,14643.19198610432,59013.87529282838,14591.715336433796,17923.642844873953,34434.82861025998,18518.73262159259,18242.118654861904,176482.12336268928,74322.45679267579,31607.03445593882,31752.039722813548,0
1194.0172622739176,5306.929104312891,135722.66614399906,9330.098395653024,6686.013530035777,6876.194294761658,7939.634232741876,1089.9588013775438,2861.453091695359,3278.2681103415525,42457.91110277852,30277.823693063743,1707.5253719046032,2310.3160250357405,90900.19516285509,17935.863989511563,5270.920831278824,4051.6334619285235,3253.643630442129,1016.8604573937041,1
13625.196980618288,68099.44780214886,132771.6914328744,30474.712482394603,29995.157815843373,17096.099109890638,615335.1225049993,23157.690220673507,13369.21393401325,36252.6631270311,139554.8638812756,45308.88764054421,76933.42479719926,97579.57770370864,34820.88930778684,86415.60485310636,28912.025330189394,75050.99335726397,27135.496675148162,284216.4619511573,0
3554.7436310329367,5855.64608142592,3587.5741070830027,41999.78358868928,1596.686470221655,9017.131718846043,89150.18621647707,9670.606242558257,96822.62289321766,23609.397607651084,3853.398912845545,135604.2866264774,11770.370138574428,2893.1933337107494,939.5635397131282,5858.339289422205,8541.2518024232,74613.3591357249,2124.551990094073,960.8227313672794,1
92799.28387927347,89664.63176656561,27926.114574046358,82948.91818576233,54638.42567675518,17238.990547142188,52656.742529775845,5237.795577199249,280403.312593798,378316.524514541,38430.41917951181,22989.711889429127,33454.961646404015,111834.11140010822,64352.9248640453,21159.07632863113,3868.191065439873,27118.021721782716,72925.24766019356,100079.08088799297,0
115264.28065928073,250289.71824870852,103042.95969990945,22445.88206461329,48823.550937241445,22078.590407409123,176752.3406826373,59145.45545678802,38671.83585025311,83584.70523902033,108551.27696104144,62594.84310266444,134754.4738683026,80703.81743701153,24553.598189583405,25329.901294290667,11778.660591399828,47092.32248108228,49168.0534541586,21164.42216694766,0
12762.709883680605,95248.1771770782,24010.985708600216,41546.11660946407,63169.069917911664,34533.37957971932,18617.008148144127,1135.4023021384937,19072.001952352435,22800.91232563476,185947.81488195428,11069.264143439625,185472.15056281633,56202.651602266444,27669.772256873464,106534.59304339689,36411.21017363422,142055.03194555562,34110.53706455518,16343.357205756385,0
52694.844741661414,11416.428111561798,8806.40570605442,9496.412680491054,6718.951576153308,42316.30064618959,239594.05462407242,203001.91593532515,32131.05693880456,108312.44636082045,48857.01417897063,4985.7633558191155,4978.392501985872,34869.35019424534,640.6844205021198,2852.621396859875,834.721737340963,6126.203480450428,5952.754664289757,7987.302676152074,1
